restaurant_id,item_id,name,category,price,ingredients,is_vegetarian,spice_level
REST-AUH-001,ITEM-101,Samosa (2 pcs),Starter,17.59,"Potato, Peas, Spices, Pastry",True,Medium
REST-AUH-001,ITEM-102,Paneer Tikka,Starter,36.38,"Paneer, Yogurt, Spices, Bell Pepper",True,Medium
REST-AUH-001,ITEM-103,Chicken 65,Starter,38.91,"Chicken, Curry Leaves, Spices",False,Hot
REST-AUH-001,ITEM-104,Aloo Tikki Chaat,Starter,21.61,"Potato, Chickpeas, Yogurt, Tamarind",True,Mild
REST-AUH-001,ITEM-105,Chicken Seekh Kebab,Starter,40.96,"Minced Chicken, Spices, Onion",False,Medium
REST-AUH-001,ITEM-201,Paneer Butter Masala,Main Course,43.52,"Paneer, Tomato, Cream, Butter",True,Mild
REST-AUH-001,ITEM-202,Dal Makhani,Main Course,38.81,"Black Lentils, Kidney Beans, Cream",True,Mild
REST-AUH-001,ITEM-203,Palak Paneer,Main Course,42.98,"Spinach, Paneer, Spices",True,Medium
REST-AUH-001,ITEM-204,Malai Kofta,Main Course,44.28,"Cottage Cheese, Potato, Cashew Gravy",True,Mild
REST-AUH-001,ITEM-205,Chole Bhature,Main Course,38.04,"Chickpeas, Fried Bread, Spices",True,Medium
REST-AUH-001,ITEM-301,Butter Chicken,Main Course,49.79,"Chicken, Tomato, Butter, Cream",False,Mild
REST-AUH-001,ITEM-302,Chicken Tikka Masala,Main Course,51.22,"Chicken Tikka, Tomato Gravy, Cream",False,Medium
REST-AUH-001,ITEM-303,Lamb Rogan Josh,Main Course,62.19,"Lamb, Yogurt, Kashmiri Spices",False,Medium
REST-AUH-001,ITEM-304,Fish Curry,Main Course,56.71,"Fish, Coconut, Curry Leaves",False,Hot
REST-AUH-001,ITEM-305,Chicken Biryani,Main Course,49.95,"Basmati Rice, Chicken, Saffron, Spices",False,Medium
REST-AUH-001,ITEM-401,Naan,Bread,8.24,"Flour, Yogurt, Yeast",True,None
REST-AUH-001,ITEM-402,Garlic Naan,Bread,10.45,"Flour, Garlic, Butter",True,None
REST-AUH-001,ITEM-403,Butter Naan,Bread,9.34,"Flour, Butter, Milk",True,None
REST-AUH-001,ITEM-404,Tandoori Roti,Bread,6.02,Whole Wheat Flour,True,None
REST-AUH-001,ITEM-405,Jeera Rice,Rice,18.02,"Basmati Rice, Cumin Seeds",True,None
REST-AUH-001,ITEM-406,Vegetable Biryani,Rice,40.24,"Basmati Rice, Mixed Vegetables, Saffron",True,Medium
REST-AUH-001,ITEM-501,Gulab Jamun (2 pcs),Dessert,14.98,"Milk Solids, Sugar Syrup, Cardamom",True,None
REST-AUH-001,ITEM-502,Rasmalai (2 pcs),Dessert,18.03,"Cottage Cheese, Milk, Saffron",True,None
REST-AUH-001,ITEM-503,Kulfi,Dessert,19.87,"Milk, Cardamom, Pistachios",True,None
REST-AUH-001,ITEM-504,Gajar Halwa,Dessert,23.0,"Carrot, Milk, Ghee, Sugar",True,None
REST-AUH-001,ITEM-601,Masala Chai,Beverage,12.15,"Tea, Milk, Spices",True,None
REST-AUH-001,ITEM-602,Mango Lassi,Beverage,18.68,"Mango, Yogurt, Sugar",True,None
REST-AUH-001,ITEM-603,Sweet Lassi,Beverage,14.61,"Yogurt, Sugar, Cardamom",True,None
REST-AUH-001,ITEM-604,Fresh Lime Soda,Beverage,11.49,"Lime, Soda, Salt/Sugar",True,None
REST-AUH-002,ITEM-101,Samosa (2 pcs),Starter,17.39,"Potato, Peas, Spices, Pastry",True,Medium
REST-AUH-002,ITEM-102,Paneer Tikka,Starter,34.07,"Paneer, Yogurt, Spices, Bell Pepper",True,Medium
REST-AUH-002,ITEM-103,Chicken 65,Starter,36.68,"Chicken, Curry Leaves, Spices",False,Hot
REST-AUH-002,ITEM-104,Aloo Tikki Chaat,Starter,23.03,"Potato, Chickpeas, Yogurt, Tamarind",True,Mild
REST-AUH-002,ITEM-105,Chicken Seekh Kebab,Starter,42.63,"Minced Chicken, Spices, Onion",False,Medium
REST-AUH-002,ITEM-201,Paneer Butter Masala,Main Course,43.61,"Paneer, Tomato, Cream, Butter",True,Mild
REST-AUH-002,ITEM-202,Dal Makhani,Main Course,36.86,"Black Lentils, Kidney Beans, Cream",True,Mild
REST-AUH-002,ITEM-203,Palak Paneer,Main Course,41.92,"Spinach, Paneer, Spices",True,Medium
REST-AUH-002,ITEM-204,Malai Kofta,Main Course,44.67,"Cottage Cheese, Potato, Cashew Gravy",True,Mild
REST-AUH-002,ITEM-205,Chole Bhature,Main Course,40.53,"Chickpeas, Fried Bread, Spices",True,Medium
REST-AUH-002,ITEM-301,Butter Chicken,Main Course,54.31,"Chicken, Tomato, Butter, Cream",False,Mild
REST-AUH-002,ITEM-302,Chicken Tikka Masala,Main Course,49.56,"Chicken Tikka, Tomato Gravy, Cream",False,Medium
REST-AUH-002,ITEM-303,Lamb Rogan Josh,Main Course,66.14,"Lamb, Yogurt, Kashmiri Spices",False,Medium
REST-AUH-002,ITEM-304,Fish Curry,Main Course,52.76,"Fish, Coconut, Curry Leaves",False,Hot
REST-AUH-002,ITEM-305,Chicken Biryani,Main Course,46.5,"Basmati Rice, Chicken, Saffron, Spices",False,Medium
REST-AUH-002,ITEM-401,Naan,Bread,7.71,"Flour, Yogurt, Yeast",True,None
REST-AUH-002,ITEM-402,Garlic Naan,Bread,9.72,"Flour, Garlic, Butter",True,None
REST-AUH-002,ITEM-403,Butter Naan,Bread,8.68,"Flour, Butter, Milk",True,None
REST-AUH-002,ITEM-404,Tandoori Roti,Bread,5.76,Whole Wheat Flour,True,None
REST-AUH-002,ITEM-405,Jeera Rice,Rice,17.7,"Basmati Rice, Cumin Seeds",True,None
REST-AUH-002,ITEM-406,Vegetable Biryani,Rice,42.86,"Basmati Rice, Mixed Vegetables, Saffron",True,Medium
REST-AUH-002,ITEM-501,Gulab Jamun (2 pcs),Dessert,14.29,"Milk Solids, Sugar Syrup, Cardamom",True,None
REST-AUH-002,ITEM-502,Rasmalai (2 pcs),Dessert,17.33,"Cottage Cheese, Milk, Saffron",True,None
REST-AUH-002,ITEM-503,Kulfi,Dessert,19.2,"Milk, Cardamom, Pistachios",True,None
REST-AUH-002,ITEM-504,Gajar Halwa,Dessert,22.92,"Carrot, Milk, Ghee, Sugar",True,None
REST-AUH-002,ITEM-601,Masala Chai,Beverage,12.52,"Tea, Milk, Spices",True,None
REST-AUH-002,ITEM-602,Mango Lassi,Beverage,17.54,"Mango, Yogurt, Sugar",True,None
REST-AUH-002,ITEM-603,Sweet Lassi,Beverage,15.61,"Yogurt, Sugar, Cardamom",True,None
REST-AUH-002,ITEM-604,Fresh Lime Soda,Beverage,11.81,"Lime, Soda, Salt/Sugar",True,None
REST-DXB-001,ITEM-101,Samosa (2 pcs),Starter,17.39,"Potato, Peas, Spices, Pastry",True,Medium
REST-DXB-001,ITEM-102,Paneer Tikka,Starter,34.71,"Paneer, Yogurt, Spices, Bell Pepper",True,Medium
REST-DXB-001,ITEM-103,Chicken 65,Starter,38.54,"Chicken, Curry Leaves, Spices",False,Hot
REST-DXB-001,ITEM-104,Aloo Tikki Chaat,Starter,22.0,"Potato, Chickpeas, Yogurt, Tamarind",True,Mild
REST-DXB-001,ITEM-105,Chicken Seekh Kebab,Starter,42.39,"Minced Chicken, Spices, Onion",False,Medium
REST-DXB-001,ITEM-201,Paneer Butter Masala,Main Course,46.51,"Paneer, Tomato, Cream, Butter",True,Mild
REST-DXB-001,ITEM-202,Dal Makhani,Main Course,38.67,"Black Lentils, Kidney Beans, Cream",True,Mild
REST-DXB-001,ITEM-203,Palak Paneer,Main Course,40.35,"Spinach, Paneer, Spices",True,Medium
REST-DXB-001,ITEM-204,Malai Kofta,Main Course,44.17,"Cottage Cheese, Potato, Cashew Gravy",True,Mild
REST-DXB-001,ITEM-205,Chole Bhature,Main Course,38.05,"Chickpeas, Fried Bread, Spices",True,Medium
REST-DXB-001,ITEM-301,Butter Chicken,Main Course,49.79,"Chicken, Tomato, Butter, Cream",False,Mild
REST-DXB-001,ITEM-302,Chicken Tikka Masala,Main Course,51.66,"Chicken Tikka, Tomato Gravy, Cream",False,Medium
REST-DXB-001,ITEM-303,Lamb Rogan Josh,Main Course,65.52,"Lamb, Yogurt, Kashmiri Spices",False,Medium
REST-DXB-001,ITEM-304,Fish Curry,Main Course,57.16,"Fish, Coconut, Curry Leaves",False,Hot
REST-DXB-001,ITEM-305,Chicken Biryani,Main Course,47.75,"Basmati Rice, Chicken, Saffron, Spices",False,Medium
REST-DXB-001,ITEM-401,Naan,Bread,8.27,"Flour, Yogurt, Yeast",True,None
REST-DXB-001,ITEM-402,Garlic Naan,Bread,10.32,"Flour, Garlic, Butter",True,None
REST-DXB-001,ITEM-403,Butter Naan,Bread,8.82,"Flour, Butter, Milk",True,None
REST-DXB-001,ITEM-404,Tandoori Roti,Bread,5.91,Whole Wheat Flour,True,None
REST-DXB-001,ITEM-405,Jeera Rice,Rice,18.69,"Basmati Rice, Cumin Seeds",True,None
REST-DXB-001,ITEM-406,Vegetable Biryani,Rice,40.96,"Basmati Rice, Mixed Vegetables, Saffron",True,Medium
REST-DXB-001,ITEM-501,Gulab Jamun (2 pcs),Dessert,14.65,"Milk Solids, Sugar Syrup, Cardamom",True,None
REST-DXB-001,ITEM-502,Rasmalai (2 pcs),Dessert,17.87,"Cottage Cheese, Milk, Saffron",True,None
REST-DXB-001,ITEM-503,Kulfi,Dessert,19.2,"Milk, Cardamom, Pistachios",True,None
REST-DXB-001,ITEM-504,Gajar Halwa,Dessert,21.18,"Carrot, Milk, Ghee, Sugar",True,None
REST-DXB-001,ITEM-601,Masala Chai,Beverage,12.45,"Tea, Milk, Spices",True,None
REST-DXB-001,ITEM-602,Mango Lassi,Beverage,18.73,"Mango, Yogurt, Sugar",True,None
REST-DXB-001,ITEM-603,Sweet Lassi,Beverage,15.07,"Yogurt, Sugar, Cardamom",True,None
REST-DXB-001,ITEM-604,Fresh Lime Soda,Beverage,12.38,"Lime, Soda, Salt/Sugar",True,None
REST-DXB-002,ITEM-101,Samosa (2 pcs),Starter,17.67,"Potato, Peas, Spices, Pastry",True,Medium
REST-DXB-002,ITEM-102,Paneer Tikka,Starter,36.26,"Paneer, Yogurt, Spices, Bell Pepper",True,Medium
REST-DXB-002,ITEM-103,Chicken 65,Starter,36.38,"Chicken, Curry Leaves, Spices",False,Hot
REST-DXB-002,ITEM-104,Aloo Tikki Chaat,Starter,22.37,"Potato, Chickpeas, Yogurt, Tamarind",True,Mild
REST-DXB-002,ITEM-105,Chicken Seekh Kebab,Starter,42.71,"Minced Chicken, Spices, Onion",False,Medium
REST-DXB-002,ITEM-201,Paneer Butter Masala,Main Course,45.27,"Paneer, Tomato, Cream, Butter",True,Mild
REST-DXB-002,ITEM-202,Dal Makhani,Main Course,37.4,"Black Lentils, Kidney Beans, Cream",True,Mild
REST-DXB-002,ITEM-203,Palak Paneer,Main Course,42.84,"Spinach, Paneer, Spices",True,Medium
REST-DXB-002,ITEM-204,Malai Kofta,Main Course,42.05,"Cottage Cheese, Potato, Cashew Gravy",True,Mild
REST-DXB-002,ITEM-205,Chole Bhature,Main Course,40.24,"Chickpeas, Fried Bread, Spices",True,Medium
REST-DXB-002,ITEM-301,Butter Chicken,Main Course,52.59,"Chicken, Tomato, Butter, Cream",False,Mild
REST-DXB-002,ITEM-302,Chicken Tikka Masala,Main Course,47.63,"Chicken Tikka, Tomato Gravy, Cream",False,Medium
REST-DXB-002,ITEM-303,Lamb Rogan Josh,Main Course,62.8,"Lamb, Yogurt, Kashmiri Spices",False,Medium
REST-DXB-002,ITEM-304,Fish Curry,Main Course,53.34,"Fish, Coconut, Curry Leaves",False,Hot
REST-DXB-002,ITEM-305,Chicken Biryani,Main Course,47.61,"Basmati Rice, Chicken, Saffron, Spices",False,Medium
REST-DXB-002,ITEM-401,Naan,Bread,8.14,"Flour, Yogurt, Yeast",True,None
REST-DXB-002,ITEM-402,Garlic Naan,Bread,10.46,"Flour, Garlic, Butter",True,None
REST-DXB-002,ITEM-403,Butter Naan,Bread,8.69,"Flour, Butter, Milk",True,None
REST-DXB-002,ITEM-404,Tandoori Roti,Bread,5.87,Whole Wheat Flour,True,None
REST-DXB-002,ITEM-405,Jeera Rice,Rice,18.32,"Basmati Rice, Cumin Seeds",True,None
REST-DXB-002,ITEM-406,Vegetable Biryani,Rice,41.66,"Basmati Rice, Mixed Vegetables, Saffron",True,Medium
REST-DXB-002,ITEM-501,Gulab Jamun (2 pcs),Dessert,14.55,"Milk Solids, Sugar Syrup, Cardamom",True,None
REST-DXB-002,ITEM-502,Rasmalai (2 pcs),Dessert,17.11,"Cottage Cheese, Milk, Saffron",True,None
REST-DXB-002,ITEM-503,Kulfi,Dessert,20.37,"Milk, Cardamom, Pistachios",True,None
REST-DXB-002,ITEM-504,Gajar Halwa,Dessert,21.05,"Carrot, Milk, Ghee, Sugar",True,None
REST-DXB-002,ITEM-601,Masala Chai,Beverage,12.25,"Tea, Milk, Spices",True,None
REST-DXB-002,ITEM-602,Mango Lassi,Beverage,17.25,"Mango, Yogurt, Sugar",True,None
REST-DXB-002,ITEM-603,Sweet Lassi,Beverage,14.53,"Yogurt, Sugar, Cardamom",True,None
REST-DXB-002,ITEM-604,Fresh Lime Soda,Beverage,11.49,"Lime, Soda, Salt/Sugar",True,None
REST-SHJ-001,ITEM-101,Samosa (2 pcs),Starter,18.88,"Potato, Peas, Spices, Pastry",True,Medium
REST-SHJ-001,ITEM-102,Paneer Tikka,Starter,35.26,"Paneer, Yogurt, Spices, Bell Pepper",True,Medium
REST-SHJ-001,ITEM-103,Chicken 65,Starter,38.97,"Chicken, Curry Leaves, Spices",False,Hot
REST-SHJ-001,ITEM-104,Aloo Tikki Chaat,Starter,21.03,"Potato, Chickpeas, Yogurt, Tamarind",True,Mild
REST-SHJ-001,ITEM-105,Chicken Seekh Kebab,Starter,43.36,"Minced Chicken, Spices, Onion",False,Medium
REST-SHJ-001,ITEM-201,Paneer Butter Masala,Main Course,45.63,"Paneer, Tomato, Cream, Butter",True,Mild
REST-SHJ-001,ITEM-202,Dal Makhani,Main Course,37.62,"Black Lentils, Kidney Beans, Cream",True,Mild
REST-SHJ-001,ITEM-203,Palak Paneer,Main Course,40.91,"Spinach, Paneer, Spices",True,Medium
REST-SHJ-001,ITEM-204,Malai Kofta,Main Course,44.08,"Cottage Cheese, Potato, Cashew Gravy",True,Mild
REST-SHJ-001,ITEM-205,Chole Bhature,Main Course,40.95,"Chickpeas, Fried Bread, Spices",True,Medium
REST-SHJ-001,ITEM-301,Butter Chicken,Main Course,51.49,"Chicken, Tomato, Butter, Cream",False,Mild
REST-SHJ-001,ITEM-302,Chicken Tikka Masala,Main Course,47.55,"Chicken Tikka, Tomato Gravy, Cream",False,Medium
REST-SHJ-001,ITEM-303,Lamb Rogan Josh,Main Course,63.21,"Lamb, Yogurt, Kashmiri Spices",False,Medium
REST-SHJ-001,ITEM-304,Fish Curry,Main Course,56.65,"Fish, Coconut, Curry Leaves",False,Hot
REST-SHJ-001,ITEM-305,Chicken Biryani,Main Course,48.41,"Basmati Rice, Chicken, Saffron, Spices",False,Medium
REST-SHJ-001,ITEM-401,Naan,Bread,7.77,"Flour, Yogurt, Yeast",True,None
REST-SHJ-001,ITEM-402,Garlic Naan,Bread,9.94,"Flour, Garlic, Butter",True,None
REST-SHJ-001,ITEM-403,Butter Naan,Bread,9.42,"Flour, Butter, Milk",True,None
REST-SHJ-001,ITEM-404,Tandoori Roti,Bread,6.01,Whole Wheat Flour,True,None
REST-SHJ-001,ITEM-405,Jeera Rice,Rice,18.0,"Basmati Rice, Cumin Seeds",True,None
REST-SHJ-001,ITEM-406,Vegetable Biryani,Rice,41.52,"Basmati Rice, Mixed Vegetables, Saffron",True,Medium
REST-SHJ-001,ITEM-501,Gulab Jamun (2 pcs),Dessert,15.36,"Milk Solids, Sugar Syrup, Cardamom",True,None
REST-SHJ-001,ITEM-502,Rasmalai (2 pcs),Dessert,17.24,"Cottage Cheese, Milk, Saffron",True,None
REST-SHJ-001,ITEM-503,Kulfi,Dessert,19.29,"Milk, Cardamom, Pistachios",True,None
REST-SHJ-001,ITEM-504,Gajar Halwa,Dessert,21.51,"Carrot, Milk, Ghee, Sugar",True,None
REST-SHJ-001,ITEM-601,Masala Chai,Beverage,12.15,"Tea, Milk, Spices",True,None
REST-SHJ-001,ITEM-602,Mango Lassi,Beverage,18.64,"Mango, Yogurt, Sugar",True,None
REST-SHJ-001,ITEM-603,Sweet Lassi,Beverage,14.45,"Yogurt, Sugar, Cardamom",True,None
REST-SHJ-001,ITEM-604,Fresh Lime Soda,Beverage,12.28,"Lime, Soda, Salt/Sugar",True,None
